gfem_front_base_x,gfem_front_base_y,gfem_front_base_z,gfem_rear_base_x,gfem_rear_base_y,gfem_rear_base_z,gfem_front_deform_x,gfem_front_deform_y,gfem_front_deform_z,gfem_rear_deform_x,gfem_rear_deform_y,gfem_rear_deform_z,dfem_front_base_x,dfem_front_base_y,dfem_front_base_z,dfem_rear_base_x,dfem_rear_base_y,dfem_rear_base_z,dfem_front_deform_x,dfem_front_deform_y,dfem_front_deform_z,dfem_rear_deform_x,dfem_rear_deform_y,dfem_rear_deform_z
41887.88202,-21449.21901,890.865739,42913.56184,-20846.25638,862.5771706,41882.92814,-21448.45066,892.1377396,42916.419,-20841.52181,859.389349,43321.34659,-23812.0955,1058.18027,44170.64928,-23311.75651,1050.657047,43320.84769,-23810.31179,1077.5729,44170.00354,-23309.16063,1078.1216
41871.65307,-21421.69727,889.219246,42898.72414,-20817.92245,860.9423552,41866.70677,-21420.95667,890.0007299,42901.64783,-20813.166,857.329007,41612.62674,-20905.09299,830.4788733,42606.91093,-20319.38192,822.6881842,41612.72114,-20905.00241,830.137936,42606.87706,-20319.38851,822.515909
41855.42421,-21394.1757,887.5771063,42883.8861,-20789.58783,859.3125333,41850.48538,-21393.46267,887.8640807,42886.8764,-20784.8097,855.27045,42467.03316,-22358.73625,942.8047841,43389.03616,-21815.74443,932.6549909,42466.65548,-22358.00965,948.39132,43388.66242,-21814.66964,940.20182
41839.19535,-21366.65411,885.9392948,42869.0477,-20761.25245,857.6876581,41834.26398,-21365.96864,885.7277932,42872.10494,-20756.45333,853.2132629,42896.72999,-23089.78306,1000.501627,43782.19838,-22568.27492,990.4909381,42896.28458,-23088.52836,1013.0188,43781.61453,-22566.54887,1007.422
41822.96638,-21339.13233,884.3057866,42854.20889,-20732.91625,856.067683,41818.04256,-21338.4746,883.5918707,42857.33344,-20728.09689,851.1571253,43109.02099,-23450.94075,1029.319744,43976.44874,-22940.03114,1020.222797,43108.57117,-23449.36586,1045.3099,43975.77392,-22937.81138,1042.3155
41806.7372,-21311.6102,882.6765565,42839.36963,-20704.57914,854.4525611,41801.82113,-21310.98053,881.4563187,42842.56192,-20699.74041,849.1017971,43002.87653,-23270.37413,1014.899556,43879.32606,-22754.16092,1005.243018,43002.47893,-23268.99654,1029.1692,43878.68526,-22752.23518,1024.7112
41790.5077,-21284.08752,881.0515795,42824.52989,-20676.24106,852.8422458,41785.5997,-21283.48644,879.3211448,42827.79038,-20671.3839,847.0470852,43053.42093,-23356.35922,1021.764499,43925.57593,-22842.67219,1012.350127,43052.97558,-23354.93409,1036.8508,43924.97776,-22840.62908,1033.0603
41774.27767,-21256.56395,879.4308265,42809.68963,-20647.90193,851.2366904,41769.37824,-21255.99233,877.1863587,42813.01883,-20643.02735,844.9928213,43028.14869,-23313.36715,1018.33151,43902.45102,-22798.41704,1008.790144,43027.67735,-23311.96529,1033.0106,43901.78104,-22796.38227,1028.8782
41758.04706,-21229.03939,877.8142893,42794.84882,-20619.56169,849.6358481,41753.15678,-21228.49819,875.0519724,42798.24726,-20614.6708,842.9388445,43038.25756,-23330.56405,1019.704592,43911.70101,-22816.1192,1010.212639,43037.87667,-23329.1528,1034.5448,43911.07961,-22814.06102,1030.5465
41741.81608,-21201.51422,876.2019763,42780.0074,-20591.22027,848.0396723,41736.9353,-21201.00404,872.9180001,42783.4757,-20586.31423,840.8849837,43033.20313,-23321.96563,1019.018032,43907.07602,-22807.26814,1009.501136,43032.77701,-23320.55904,1033.7827,43906.48031,-22805.27164,1029.7122
41725.58494,-21173.98876,874.5938962,42765.16536,-20562.87759,846.4481162,41720.7138,-21173.50985,870.7844584,42768.70414,-20557.95767,838.8310415,43048.36647,-23347.76085,1021.077829,43920.95098,-22833.82123,1011.637143,43047.97595,-23346.34032,1036.0889,43920.27834,-22831.73974,1032.2255
41709.35384,-21146.46337,872.9900575,42750.32265,-20534.53358,844.8611331,41704.49229,-21146.01564,868.6513671,42753.93258,-20529.60112,836.7770483,43043.31201,-23339.16246,1020.391192,43916.326,-22824.97023,1010.924644,43042.87631,-23337.74656,1035.3169,43915.67896,-22822.95038,1031.3809
41693.12298,-21118.93839,871.3904688,42735.47923,-20506.18818,843.2786763,41688.27076,-21118.52141,866.5187486,42739.16102,-20501.24456,834.7232567,43012.98541,-23287.57152,1016.272202,43888.57604,-22771.86349,1006.660291,43012.57832,-23286.18403,1030.704,43887.98346,-22769.91405,1026.3774
41676.89241,-21091.4139,869.7951235,42720.63507,-20477.8413,841.7006991,41672.04922,-21091.02714,864.3866292,42724.38944,-20472.88797,832.6698703,43007.93101,-23278.97292,1015.58586,43883.95105,-22763.01223,1005.951389,43007.47863,-23277.59028,1029.9416,43883.28434,-22761.02463,1025.5442
41660.66135,-21063.88859,868.2039337,42705.79012,-20449.49289,840.1271547,41655.82766,-21063.53284,862.2550392,42709.61785,-20444.53135,830.6171092,43023.09427,-23304.76864,1017.645031,43897.82603,-22789.56589,1008.07967,43022.67768,-23303.37153,1032.2484,43897.18181,-22787.59287,1028.0444
41644.42983,-21036.36249,866.6168915,42690.94436,-20421.14287,838.5579965,41639.60608,-21036.03852,860.1240136,42694.84623,-20416.17467,828.5652796,43018.03984,-23296.17009,1016.958594,43893.20103,-22780.71471,1007.369718,43017.57801,-23294.77778,1031.4762,43892.58261,-22778.70347,1027.2108
41628.19806,-21008.83595,865.0340063,42676.09774,-20392.79116,836.9931776,41623.38448,-21008.54415,857.9935933,42680.07456,-20387.81792,826.5149076,43083.74795,-23407.94909,1025.885163,43953.32496,-22895.77755,1016.63778,43083.27324,-23406.39679,1041.4717,43952.67505,-22893.66502,1038.1031
41611.96622,-20981.30932,863.4552879,42661.25023,-20364.43771,835.4326516,41607.16285,-20981.04975,855.8638258,42665.30281,-20359.461,824.4668668,43093.85709,-23425.14571,1027.258929,43962.57445,-22913.47912,1018.07054,43093.47242,-23423.5844,1043.0051,43961.97447,-22911.34359,1039.7854
41595.73453,-20953.78294,861.8807457,42646.40178,-20336.08242,833.8763715,41590.94121,-20953.55531,853.7347671,42650.53097,-20331.10391,822.4218527,43088.8025,-23416.54739,1026.572034,43957.94971,-22904.62835,1017.353947,43088.37284,-23414.99059,1042.2334,43957.27473,-22902.45432,1038.9392
41579.5032,-20926.25716,860.3103895,42631.55237,-20307.72525,832.3242906,41574.71953,-20926.06083,851.6064837,42635.75903,-20302.74662,820.3805108,43103.9663,-23442.34233,1028.632781,43971.82397,-22931.18054,1019.504973,43103.57159,-23440.77203,1044.5383,43971.17407,-22929.02213,1041.4686
42349.47771,-22232.01253,939.5737361,43335.7248,-21652.39058,911.3795121,42344.10956,-22230.11761,953.1671593,43336.34384,-21647.63994,918.8536153,43098.91168,-23433.74402,1027.945845,43967.1992,-22922.32985,1018.787551,43098.47201,-23432.17821,1043.7767,43966.57423,-22920.13288,1040.6319
42325.18575,-22190.81719,936.9175697,43313.50735,-21609.96687,908.6930151,42319.83745,-22188.97824,949.93781,43314.2433,-21605.21415,915.6984252,43068.58438,-23382.15419,1023.824702,43939.4506,-22869.22496,1014.491909,43068.17444,-23380.71542,1039.1564,43938.77623,-22867.09709,1035.5759
42300.89349,-22149.62136,934.2719205,43291.29002,-21567.54323,906.0204437,42295.56526,-22147.83876,946.7105041,43292.14264,-21562.78812,912.5473844,43063.52989,-23373.55588,1023.137938,43934.82575,-22860.37405,1013.777517,43063.07482,-23372.12164,1038.3946,43934.1767,-22858.30775,1034.7405
42276.60094,-22108.42502,931.6367504,43269.0728,-21525.11966,903.3616685,42271.29301,-22106.69916,943.485228,43270.04188,-21520.3619,909.3996007,43058.47541,-23364.95756,1022.451203,43930.20086,-22851.52313,1013.063588,43058.0752,-23363.52786,1037.6227,43929.57721,-22849.41843,1033.8953
42252.3081,-22067.22819,929.0120205,43246.85557,-21482.69594,900.7165353,42247.02068,-22065.55944,940.2620178,43247.94104,-21477.93554,906.254155,43078.6934,-23399.35079,1025.198316,43948.70019,-22886.92671,1015.922047,43078.27365,-23397.90299,1040.7,43948.0754,-22884.77572,1037.2571
42228.01497,-22026.03087,926.3976915,43224.63821,-21440.27181,898.0848898,42222.74829,-22024.4196,937.0408955,43225.84017,-21435.5091,903.1099952,43073.63888,-23390.75249,1024.511495,43944.07541,-22878.07584,1015.206754,43073.17404,-23389.3092,1039.9282,43943.4758,-22875.9864,1036.4214
42203.72155,-21984.83307,923.7937234,43202.4206,-21397.84706,895.4665778,42198.47582,-21983.27964,933.821867,43203.73927,-21393.08261,899.966768,42947.27637,-23175.78267,1007.353868,43828.45098,-22656.79373,997.4863897,42946.88179,-23174.46529,1020.7077,43827.79811,-22654.94982,1015.6196
42179.42785,-21943.63478,921.2000755,43180.20259,-21355.42144,892.8614449,42174.20328,-21942.13956,930.6049215,43181.63834,-21350.65607,896.8243607,42922.00308,-23132.78345,1003.926691,43805.32492,-22612.53469,993.9821689,42921.58304,-23131.49669,1016.8692,43804.70535,-22610.70027,1011.5155
42155.13386,-21902.43601,918.6167068,43157.98408,-21312.9947,890.2693368,42149.93067,-21900.99935,927.3900297,43159.53739,-21308.22949,893.6827869,42932.1124,-23149.98332,1005.297327,43814.57542,-22630.23839,995.3822766,42931.68252,-23148.68409,1018.4069,43814.0024,-22628.38026,1013.1552
42130.83959,-21861.23676,916.0435755,43135.76494,-21270.56662,887.6900989,42125.658,-21859.85904,924.1771447,43137.43642,-21265.80285,890.542188,42927.05774,-23141.38343,1004.611969,43809.95017,-22621.38655,994.6819618,42926.68277,-23140.09039,1017.6331,43809.30387,-22619.59031,1012.3353
42106.54505,-21820.03704,913.4806392,43113.54507,-21228.13701,885.12358,42101.38525,-21818.7186,920.9662002,43115.3354,-21223.37614,887.402941,42942.22176,-23167.18302,1006.668286,43823.82585,-22647.94196,996.7844852,42941.78203,-23165.87155,1019.9442,43823.19951,-22646.06,1014.7973
42082.25023,-21778.83686,910.9278552,43091.32513,-21185.70715,882.5697171,42077.11244,-21777.57806,917.7571156,43093.2343,-21180.94928,884.2661758,42937.16707,-23158.58319,1005.982768,43819.20066,-22639.09018,996.0831156,42936.78227,-23157.27782,1019.1706,43818.60094,-22637.27018,1013.9762
42057.95514,-21737.63621,908.38518,43069.10539,-21143.27752,880.0283964,42052.83957,-21736.43742,914.5497932,43071.13307,-21138.52216,881.1338818,42906.83918,-23106.98329,1001.871381,43791.44907,-22585.97891,991.8858947,42906.38392,-23105.71567,1014.5571,43790.8105,-22584.22941,1009.0588
42033.65977,-21696.4351,905.8525696,43046.8857,-21100.84788,877.4994613,42028.56664,-21695.29667,911.3441233,43049.03168,-21096.09471,878.0071214,42901.78458,-23098.3832,1001.186458,43786.82375,-22577.12693,991.1881627,42901.38424,-23097.12201,1013.793,43786.21241,-22575.33921,1008.24
42009.36414,-21655.23354,903.3299795,43024.66596,-21058.41799,874.9827549,42004.29366,-21654.15584,908.1399863,43026.93008,-21053.6669,874.8867932,42916.94843,-23124.18345,1003.241499,43800.69965,-22603.68279,993.2828951,42916.48332,-23122.90301,1016.0952,43800.10703,-22601.91005,1010.6965
41985.06824,-21614.03152,900.8173647,43002.44602,-21015.9876,872.4781206,41980.02063,-21613.01493,904.937255,43004.82828,-21011.23867,871.7735397,42911.89379,-23115.58337,1002.556395,43796.07437,-22594.83087,992.5841381,42911.48361,-23114.30934,1015.3312,43795.50872,-22593.01985,1009.8774
41960.77207,-21572.82906,898.3146796,42980.22576,-20973.55649,869.9854018,41955.74755,-21571.87394,901.7357978,42982.72625,-20968.81002,868.6675948,42977.60382,-23227.37898,1011.468792,43856.2011,-22709.90374,1001.70917,42977.18031,-23226.02779,1025.3262,43855.59048,-22707.98772,1020.5697
41936.47565,-21531.62615,895.8218781,42958.00506,-20931.1244,867.5044417,41931.47444,-21530.73289,898.5354814,42960.62402,-20926.38097,865.568722,42987.71293,-23244.57723,1012.840934,43865.45108,-22727.60675,1003.121099,42987.27978,-23243.21529,1026.8617,43864.78827,-22725.66677,1022.2236
41912.17896,-21490.4228,893.3389136,42935.7838,-20888.69111,865.0350835,41907.2013,-21489.59178,895.3361735,42938.52159,-20883.95155,862.4762747,42982.65839,-23235.97816,1012.154836,43860.82609,-22718.75527,1002.414865,42982.28005,-23234.62154,1026.089,43860.18935,-22716.87724,1021.3915
41887.88202,-21449.21901,890.865739,42913.56184,-20846.25638,862.5771706,41882.92814,-21448.45066,892.1377396,42916.419,-20841.52181,859.389349,42997.82205,-23261.77529,1014.213303,43874.70106,-22745.30957,1004.535177,42997.37922,-23260.40279,1028.3968,43874.08622,-22743.34574,1023.8884
42885.51285,-23141.04363,1000.941052,43825.95725,-22588.43876,974.4231008,42877.40498,-23134.01221,1024.924006,43821.8855,-22579.72088,990.1846283,42992.76748,-23253.17628,1013.527091,43870.07607,-22736.45818,1003.82787,42992.3795,-23251.80904,1027.6343,43869.48723,-22734.55625,1023.0559
42857.30447,-23093.20667,997.5776989,43800.16,-22539.18355,970.9181203,42849.33806,-23086.44096,1021.110944,43796.33419,-22530.67073,986.3196525,42962.4401,-23201.58108,1009.411031,43842.32612,-22683.34889,999.5953362,42961.98106,-23200.24653,1023.0174,43841.69411,-22681.4189,1018.0906
42829.09563,-23045.36892,994.2293439,43774.36222,-22489.92711,967.4344496,42821.27106,-23038.86956,1017.300508,43770.78238,-22481.61963,982.469853,42957.38554,-23192.9817,1008.725242,43837.70111,-22674.4972,998.891813,42956.98131,-23191.65278,1022.2543,43837.0954,-22672.62927,1017.2667
42800.88634,-22997.5304,990.8959697,43748.56392,-22440.66944,963.9720317,42793.20396,-22991.29798,1013.493006,43745.2301,-22432.56763,978.6347205,42952.33099,-23184.38228,1008.039524,43833.07607,-22665.64547,998.1888316,42951.88155,-23183.05903,1021.4811,43832.49674,-22663.73953,1016.443
42772.67658,-22949.6911,987.5775544,43722.7651,-22391.41057,960.5307999,42765.13674,-22943.7262,1009.68875,43719.67738,-22383.51476,974.8136178,42972.54927,-23218.77976,1010.782811,43851.57611,-22701.05217,1001.004015,42972.18057,-23217.43404,1024.5534,43850.99165,-22699.19813,1019.7381
42744.46637,-22901.85104,984.2740906,43696.96577,-22342.15049,957.1106773,42737.06939,-22896.15422,1005.888067,43694.12423,-22334.46109,971.0057927,42967.49468,-23210.18044,1010.096889,43846.95112,-22692.20055,1000.299403,42967.08082,-23208.84029,1023.7905,43846.29286,-22690.30856,1018.9167
42716.25571,-22854.01021,980.9855702,43671.16593,-22292.88922,953.711577,42709.00191,-22848.58201,1002.091291,43668.57068,-22285.40665,967.2103944,43215.17626,-23631.51528,1043.748584,44073.56319,-23125.89038,1035.379622,43214.76144,-23629.8377,1061.4464,44072.98796,-23123.4758,1060.1987
42688.04461,-22806.16862,977.711951,43645.3656,-22243.62677,950.3334027,42680.93429,-22801.00954,998.2987732,43643.01677,-22236.35152,963.4264933,43265.72983,-23717.50649,1050.619907,44119.79764,-23214.39704,1042.642547,43265.25555,-23715.7774,1069.1258,44119.20605,-23211.87118,1068.762
42659.83306,-22758.32628,974.4531895,43619.56476,-22194.36316,946.9760479,42652.86649,-22753.43679,994.5109202,43617.46254,-22187.29575,959.6531025,43240.45272,-23674.51089,1047.184211,44096.68133,-23170.14348,1039.008042,43240.05866,-23672.80751,1065.2813,44096.09866,-23167.61731,1064.4983
42631.62107,-22710.48319,971.2092408,43593.76344,-22145.09839,943.6393967,42624.79852,-22705.86374,990.7281776,43591.908,-22138.23941,955.8893265,43250.56345,-23691.70914,1048.558471,44105.92806,-23187.84486,1040.461148,43250.15746,-23689.99546,1066.8232,44105.3032,-23185.29719,1066.2118
42603.40864,-22662.63936,967.980059,43567.96163,-22095.83249,940.3233237,42596.73036,-22658.29038,986.9506171,43566.35315,-22089.18247,952.1353286,43245.50807,-23683.11001,1047.87134,44101.30473,-23178.99416,1039.734476,43245.05805,-23681.40149,1066.0523,44100.70111,-23176.50699,1065.3513
42575.19578,-22614.7948,964.7655968,43542.15934,-22046.56545,937.0276941,42568.66203,-22610.71672,983.1782284,43540.79798,-22040.12492,948.3916653,43260.67429,-23708.90737,1049.932744,44115.17451,-23205.5463,1041.915189,43260.2562,-23707.18341,1068.3549,44114.60576,-23202.97984,1067.9208
42546.98249,-22566.94951,961.5658057,43516.35659,-21997.29731,933.7523639,42540.59352,-22563.14276,979.4109488,43515.24247,-21991.06671,944.6588808,43255.61886,-23700.30826,1049.245606,44110.55131,-23196.69557,1041.188054,43255.15683,-23698.58944,1067.5941,44110.00486,-23194.18847,1067.0683
42518.76878,-22519.10349,958.3806361,43490.55337,-21948.02808,930.4971802,42512.52484,-22515.56851,975.6486623,43489.6866,-21942.00782,940.9375059,43225.28678,-23648.71349,1045.122833,44082.81067,-23143.59157,1036.83022,43224.86035,-23647.02562,1062.9784,44082.19179,-23141.15189,1061.9159
42490.55464,-22471.25676,955.210037,43464.7497,-21898.75776,927.2619813,42484.45599,-22467.99397,971.8911991,43464.13037,-21892.94823,937.2280544,43220.2315,-23640.11435,1044.435708,44078.18697,-23134.74097,1036.10479,43219.76091,-23638.43165,1062.2174,44077.58979,-23132.26386,1061.0521
42462.34008,-22423.40932,952.0539563,43438.94559,-21849.48639,924.0465969,42456.38698,-22420.41917,968.1383403,43438.57375,-21843.8879,933.5310229,43235.39738,-23665.91175,1046.497084,44092.05785,-23161.29283,1038.281851,43234.95923,-23664.21355,1064.5204,44091.49623,-23158.82846,1063.6342
42434.1251,-22375.56117,948.9123409,43413.14103,-21800.21396,920.8508484,42428.31782,-22372.84411,964.3898216,43413.01675,-21794.82681,929.84631,43230.34207,-23657.31263,1045.809958,44087.4343,-23152.44219,1037.555909,43229.8598,-23655.61958,1063.7494,44086.79394,-23149.94006,1062.78
42405.90971,-22327.71231,945.7851363,43387.33604,-21750.94051,917.674549,42400.24853,-22325.26882,960.6453419,43387.4594,-21745.76507,926.1727013,43296.0654,-23769.10025,1054.743545,44147.53548,-23267.50159,1047.011117,43295.65144,-23767.34141,1073.7304,44146.90393,-23264.91302,1073.8571
42377.69391,-22279.86277,942.6722869,43361.53063,-21701.66604,914.5175043,42372.1791,-22277.69331,956.904571,43361.90175,-21696.70275,922.5089401,43306.1719,-23786.29304,1056.117012,44156.7811,-23285.20314,1048.468895,43305.75006,-23784.52947,1075.2716,44156.2037,-23282.59217,1075.5616
42349.47771,-22232.01253,939.5737361,43335.7248,-21652.39058,911.3795121,42344.10956,-22230.11761,953.1671593,43336.34384,-21647.63994,918.8536153,43301.12148,-23777.69918,1055.430856,44152.15832,-23276.35236,1047.739911,43300.65076,-23775.93541,1074.5011,44151.60376,-23273.80278,1074.7091
43296.10754,-23837.34749,1051.601125,44201.40529,-23305.26392,1027.849955,43287.99205,-23829.92565,1080.83338,44195.62625,-23297.18068,1048.364305,43316.2881,-23803.49432,1057.492473,44166.02649,-23302.90481,1049.92743,43315.8486,-23801.71761,1076.8026,44165.40382,-23300.27096,1077.2678
43274.49982,-23800.70421,1048.856091,44181.64781,-23267.54306,1024.927731,43266.38225,-23793.29869,1077.889394,44175.95764,-23259.4234,1045.243535,43311.22998,-23794.89369,1056.804735,44161.40383,-23294.05394,1049.198068,43310.74937,-23793.1235,1076.0322,44160.80376,-23291.48169,1076.4145
43252.89182,-23764.06044,1046.119718,44161.89,-23229.82144,1022.017406,43244.77251,-23756.67186,1074.945514,44156.2889,-23221.66586,1042.126772,43280.89741,-23743.30342,1052.681677,44133.66674,-23240.9493,1044.82591,43280.45354,-23741.55937,1071.4282,44133.10506,-23238.3432,1071.3134
43231.28354,-23727.4162,1043.392025,44142.13186,-23192.09908,1019.119064,43223.16283,-23720.04512,1072.001708,44136.62,-23183.90803,1039.014519,43275.84149,-23734.70445,1051.994407,44129.04375,-23232.09854,1044.097912,43275.35422,-23732.96538,1070.6574,44128.40552,-23229.55276,1070.4629
43209.67497,-23690.77148,1040.673033,44122.3734,-23154.37596,1016.232787,43201.55317,-23683.41841,1069.057947,44116.95094,-23146.14987,1035.907274,43270.78561,-23726.10547,1051.307145,44124.42072,-23223.24779,1043.370123,43270.3549,-23724.37138,1069.8966,44123.8059,-23220.66219,1069.6124
43188.06612,-23654.12627,1037.96276,44102.6146,-23116.65209,1013.358649,43179.94351,-23646.7917,1066.1142,44097.28169,-23108.39135,1032.805534,43291.00935,-23760.50131,1054.056244,44142.91261,-23258.65082,1046.282517,43290.55215,-23758.74738,1072.9697,44142.30423,-23256.12331,1073.0055
43166.45699,-23617.48059,1035.261222,44082.85548,-23078.92746,1010.49672,43158.33382,-23610.16495,1063.170438,44077.61224,-23070.63245,1029.709784,43285.95336,-23751.90237,1053.368956,44138.28969,-23249.80006,1045.554113,43285.55284,-23750.15338,1072.199,44137.70461,-23247.23326,1072.1543
43144.84758,-23580.83443,1032.568434,44063.09603,-23041.20208,1007.647062,43136.72408,-23573.5381,1060.22663,44057.94258,-23032.87314,1026.620496,43159.56953,-23536.92698,1036.190178,44022.69639,-23028.5352,1027.421894,43159.1668,-23535.30448,1052.9938,44022.07577,-23026.20245,1050.796
43123.23788,-23544.1878,1029.884411,44043.33625,-23003.47594,1004.809732,43115.11427,-23536.91113,1057.282747,44038.27268,-22995.11337,1023.538119,43134.29491,-23493.93351,1032.754803,43999.57267,-22984.28322,1023.817732,43133.86902,-23492.33508,1049.1472,43998.97406,-22982.0573,1046.5528
43101.6279,-23507.54069,1027.209165,44023.57615,-22965.74904,1001.984782,43093.50441,-23500.28409,1054.338795,44018.60253,-22957.35314,1020.46308,43144.40467,-23511.13082,1034.128921,44008.82227,-23001.98399,1025.258331,43143.96814,-23509.52282,1050.6899,44008.17453,-22999.73548,1048.2493
43080.01765,-23470.8931,1024.542706,44003.81571,-22928.02139,999.1722568,43071.89455,-23463.65704,1051.394893,43998.93213,-22919.59241,1017.395774,43139.34977,-23502.53213,1033.441856,44004.19747,-22993.13357,1024.537848,43138.96859,-23500.92895,1049.9186,44003.57424,-22990.84643,1047.401
43058.40711,-23434.24504,1021.885045,43984.05495,-22890.29297,996.3721943,43050.28468,-23427.02998,1048.451175,43979.26146,-22881.83117,1014.336566,43154.51452,-23528.32819,1035.50308,44018.07173,-23019.6848,1026.700361,43154.06725,-23526.71059,1052.2225,44017.47529,-23017.4135,1049.9469
43036.7963,-23397.5965,1019.236187,43964.29386,-22852.56381,993.5846277,43028.6748,-23390.40289,1045.507776,43959.59051,-22844.06939,1011.285783,43149.45959,-23519.7295,1034.815996,44013.44703,-23010.83439,1025.979171,43149.0677,-23518.1167,1051.4613,44012.77486,-23008.52453,1049.098
43015.18521,-23360.9475,1016.596141,43944.53245,-22814.83389,990.8095831,43007.0649,-23353.77579,1042.564828,43939.91927,-22806.30705,1008.243712,43119.13046,-23468.13776,1030.69372,43985.69829,-22957.73214,1021.659625,43118.67032,-23466.55353,1046.8429,43985.0738,-22955.48982,1044.0098
42993.57384,-23324.29802,1013.96491,43924.77071,-22777.10322,988.0470808,42985.45499,-23317.14866,1039.622465,43920.24774,-22768.54415,1005.210601,43114.07569,-23459.53919,1030.006721,43981.07353,-22948.8817,1020.941018,43113.67075,-23457.95969,1046.0814,43980.47385,-22946.7006,1043.1625
42971.96219,-23287.64808,1011.342498,43905.00866,-22739.37181,985.2971383,42963.84506,-23280.52148,1036.680816,43900.5759,-22730.78067,1002.186655,43129.24006,-23485.3349,1032.06776,43994.94785,-22975.43286,1023.097986,43128.76946,-23483.74122,1048.3858,43994.2739,-22973.16818,1045.7049
42950.35027,-23250.99766,1008.728907,43885.24629,-22701.63968,982.5597776,42942.23509,-23243.89426,1033.740014,43880.90376,-22693.01661,999.1720391,43124.18525,-23476.73633,1031.380733,43990.32307,-22966.58253,1022.378618,43123.76989,-23475.14737,1047.6144,43989.67384,-22964.379,1044.8572
42928.73807,-23214.34678,1006.124136,43865.4836,-22663.90679,979.8349915,42920.6251,-23207.26698,1030.80019,43861.23131,-22655.25194,996.1668525,43189.90016,-23588.52036,1040.312901,44050.44305,-23081.63778,1031.757948,43189.46398,-23586.86798,1057.601,44049.78072,-23079.23467,1055.9174
42907.1256,-23177.69544,1003.528186,43845.72058,-22626.17314,977.12277,42899.01506,-23170.63963,1027.861476,43841.55855,-22617.48669,993.1710713,43200.01054,-23605.71829,1041.687169,44059.69134,-23099.33876,1033.205762,43199.56299,-23604.05585,1059.1432,44059.08323,-23096.9114,1057.6307
42885.51285,-23141.04363,1000.941052,43825.95725,-22588.43876,974.4231008,42877.40498,-23134.01221,1024.924006,43821.8855,-22579.72088,990.1846283,43194.95534,-23597.11931,1041.000033,44055.06723,-23090.48826,1032.481708,43194.56349,-23595.46191,1058.3721,44054.48193,-23088.12305,1056.7689
,,,,,,,,,,,,43210.12099,-23622.91624,1043.061444,44068.93932,-23117.03982,1034.654725,43209.66197,-23621.24374,1060.6753,44068.28624,-23114.58776,1059.3356
,,,,,,,,,,,,43205.06576,-23614.31727,1042.374306,44064.31537,-23108.18928,1033.930103,43204.66248,-23612.6498,1059.9043,44063.68468,-23105.79959,1058.4829
,,,,,,,,,,,,43174.73476,-23562.7236,1038.25152,44036.57003,-23055.08644,1029.58849,43174.26541,-23561.0862,1055.2975,44035.97782,-23052.76887,1053.3552
,,,,,,,,,,,,43169.67965,-23554.12468,1037.5644,44031.94554,-23046.23602,1028.865965,43169.26588,-23552.49229,1054.5263,44031.27703,-23043.88015,1052.5052
,,,,,,,,,,,,43164.62456,-23545.52578,1036.877283,44027.32099,-23037.38561,1028.143765,43164.16634,-23543.89838,1053.7651,44026.67638,-23035.09131,1051.6454
,,,,,,,,,,,,43184.845,-23579.92142,1039.62577,44045.81878,-23072.78732,1031.034488,43184.36446,-23578.27405,1056.8398,44045.17966,-23070.44613,1055.0563
,,,,,,,,,,,,43179.78987,-23571.3225,1038.938643,44041.19444,-23063.93687,1030.311333,43179.36494,-23569.68012,1056.0687,44040.57866,-23061.55757,1054.2056
,,,,,,,,,,,,42679.35701,-22719.9812,971.1657217,43583.27867,-22187.62067,960.9191914,42679.01018,-22719.01779,980.06034,43582.82957,-22186.23653,972.8569
,,,,,,,,,,,,42573.1883,-22539.37223,956.9470355,43486.18298,-22001.67541,946.7071232,42572.8303,-22538.56398,964.14626,43485.79359,-22000.50566,956.38596
,,,,,,,,,,,,42623.74329,-22625.37942,963.7076224,43532.41534,-22090.22407,953.457335,42623.32003,-22624.49437,971.70502,43531.9623,-22088.92579,964.1961
,,,,,,,,,,,,42598.46536,-22582.37661,960.3250456,43509.29976,-22045.94977,950.0779671,42598.125,-22581.52919,967.92094,43508.87779,-22044.66584,960.2835
,,,,,,,,,,,,42608.57643,-22599.57791,961.6775194,43518.54599,-22063.65957,951.4287236,42608.22297,-22598.71527,969.43285,43518.07155,-22062.44985,961.8471
,,,,,,,,,,,,42603.52088,-22590.9773,961.0011918,43513.92289,-22054.80468,950.7531773,42603.12398,-22590.12223,968.6768,43513.47466,-22053.55785,961.0647
,,,,,,,,,,,,42618.68764,-22616.77898,963.0307365,43527.79219,-22081.36928,952.7808076,42618.321,-22615.90134,970.94746,43527.36537,-22080.13382,963.4129
,,,,,,,,,,,,42613.63201,-22608.17847,962.3540347,43523.16909,-22072.51444,952.1046019,42613.22198,-22607.3083,970.19006,43522.76845,-22071.24184,962.6298
,,,,,,,,,,,,42583.29902,-22556.57419,958.2977005,43495.42999,-22019.38509,948.0543999,42582.92814,-22555.75007,965.65539,43494.98723,-22018.18976,957.94272
,,,,,,,,,,,,42578.24366,-22547.97328,957.6222808,43490.80654,-22010.53023,947.380581,42577.82922,-22547.15703,964.90023,43490.39041,-22009.29771,957.16469
,,,,,,,,,,,,42593.40988,-22573.77587,959.6490829,43504.67658,-22037.09487,949.403098,42593.02603,-22572.93615,967.16524,43504.28092,-22035.87382,959.5026
,,,,,,,,,,,,42588.35443,-22565.17506,958.9733011,43500.05333,-22028.23997,948.7285741,42588.02708,-22564.34311,966.40973,43499.68407,-22026.98179,958.72303
,,,,,,,,,,,,42654.07774,-22676.98094,967.7728752,43560.15668,-22143.35103,957.5229713,42653.71449,-22676.05258,976.25699,43559.74421,-22142.07735,968.9118
,,,,,,,,,,,,42664.18947,-22694.18121,969.1294659,43569.405,-22161.0592,958.8805659,42663.81273,-22693.23866,977.77665,43568.93831,-22159.76109,970.4886
,,,,,,,,,,,,42659.13359,-22685.58108,968.451076,43564.78076,-22152.20517,958.2016207,42658.71361,-22684.64562,977.01674,43564.34125,-22150.86923,969.7001
,,,,,,,,,,,,42674.30124,-22711.38137,970.4867983,43578.65395,-22178.76695,960.2393497,42673.91102,-22710.42475,979.29895,43578.23247,-22177.44474,972.0666
,,,,,,,,,,,,42669.24536,-22702.78131,969.808041,43574.02939,-22169.91313,959.5598085,42668.81187,-22701.8317,978.53772,43573.53538,-22168.55292,971.2775
,,,,,,,,,,,,42638.91039,-22651.18037,965.7394031,43546.28537,-22116.78799,955.4887942,42638.51721,-22650.27348,973.97874,43545.85318,-22115.50163,966.5517
,,,,,,,,,,,,42633.85466,-22642.58011,965.0619552,43541.6619,-22107.93344,954.8113337,42633.51813,-22641.68044,973.22066,43541.2562,-22106.6097,965.7656
,,,,,,,,,,,,42628.79897,-22633.9798,964.3846956,43537.03857,-22099.07879,954.1341788,42628.41908,-22633.08741,972.46276,43536.55925,-22097.81775,964.9807
,,,,,,,,,,,,42649.02192,-22668.38076,967.0948622,43555.53275,-22134.49678,956.8446162,42648.61538,-22667.45955,975.49741,43555.04719,-22133.18546,968.1249
,,,,,,,,,,,,42643.96614,-22659.78059,966.4170388,43550.90899,-22125.64244,956.1665562,42643.61629,-22658.86651,974.73799,43550.45017,-22124.29355,967.3382
,,,,,,,,,,,,42517.58164,-22444.75627,949.5305922,43435.31133,-21904.2771,939.3244337,42517.24308,-22444.04036,955.87398,43434.92922,-21903.19235,947.86984
,,,,,,,,,,,,42492.3071,-22401.74665,946.1658726,43412.17742,-21860.00932,935.9847888,42491.94924,-22400.97501,952.12786,43411.84571,-21858.93122,944.02755
,,,,,,,,,,,,42502.41684,-22418.95062,947.5113104,43421.43185,-21877.71609,937.3194447,42502.04676,-22418.26115,953.62466,43421.03909,-21876.61572,945.56197
,,,,,,,,,,,,42497.36196,-22410.34866,946.8385179,43416.80479,-21868.86265,936.6519186,42497.048,-22409.56808,952.87665,43416.44241,-21867.82348,944.79461
,,,,,,,,,,,,42512.52669,-22436.15446,948.8573473,43430.6851,-21895.42332,938.6557005,42512.1443,-22435.44729,955.12333,43430.3325,-21894.30016,947.10059
,,,,,,,,,,,,42507.47175,-22427.55256,948.1842529,43426.05862,-21886.56965,937.9873716,42507.14553,-22426.85422,954.37389,43425.7358,-21885.50795,946.33063
,,,,,,,,,,,,42477.14267,-22375.94045,944.1487991,43398.29351,-21833.45001,933.9857522,42476.75299,-22375.19579,949.88485,43397.95572,-21832.35433,941.7302
,,,,,,,,,,,,42472.08789,-22367.33834,943.4767219,43393.66496,-21824.59715,933.3201803,42471.75423,-22366.60272,949.13796,43393.35905,-21823.56199,940.96536
,,,,,,,,,,,,42487.25227,-22393.14461,945.4933725,43407.54975,-21851.1561,935.3180535,42486.95049,-22392.38194,951.3793,43407.24905,-21850.13894,943.2608
,,,,,,,,,,,,42482.19746,-22384.54254,944.8210152,43402.92177,-21842.303,934.6517086,42481.85173,-22383.78887,950.63195,43402.55237,-21841.24664,942.49535
,,,,,,,,,,,,42547.91198,-22496.36589,953.5734114,43463.06284,-21957.40217,943.3454402,42547.53594,-22495.59873,960.38015,43462.70966,-21956.24523,952.50456
,,,,,,,,,,,,42558.0224,-22513.56862,954.9223442,43472.31142,-21975.11128,944.6889724,42557.63365,-22512.78483,961.88543,43471.90321,-21973.92943,954.05546
,,,,,,,,,,,,42552.96717,-22504.96729,954.2477932,43467.68723,-21966.25669,944.0170127,42552.63479,-22504.19178,961.13319,43467.30642,-21965.13734,953.27986
,,,,,,,,,,,,42568.13298,-22530.77112,956.2719671,43481.55929,-21992.82063,946.0340316,42567.73141,-22529.97093,963.39246,43481.19679,-21991.61359,955.6085
,,,,,,,,,,,,42563.07767,-22522.1699,955.5970686,43476.93545,-21983.96592,945.3613128,42562.73252,-22521.37789,962.63885,43476.49999,-21982.82152,954.83134
,,,,,,,,,,,,42532.74664,-22470.56133,951.5512697,43449.18828,-21930.83915,941.3331022,42532.33946,-22469.81955,958.12517,43448.8194,-21929.66885,950.18439
,,,,,,,,,,,,42527.69161,-22461.95971,950.8775509,43444.56291,-21921.98503,940.6631343,42527.34066,-22461.22649,957.3749,43444.22267,-21920.8767,949.41224
,,,,,,,,,,,,42522.63662,-22453.35804,950.2039937,43439.93726,-21913.13101,939.993578,42522.24186,-22452.63342,956.62384,43439.52593,-21911.98453,948.6414
,,,,,,,,,,,,42542.85684,-22487.76443,952.899199,43458.43823,-21948.54773,942.6742604,42542.5371,-22487.00567,959.62829,43458.01289,-21947.35312,951.73054
,,,,,,,,,,,,42537.80172,-22479.16291,952.2251521,43453.81339,-21939.69339,942.0034794,42537.43828,-22478.41261,958.87663,43453.41615,-21938.56099,950.95682
,,,,,,,,,,,,42790.58013,-22909.17775,986.1443221,43685.05271,-22382.38047,975.9576617,42790.1944,-22908.06622,996.8824,43684.56811,-22380.84743,990.3913
,,,,,,,,,,,,42841.12931,-22995.18014,992.9750324,43731.31533,-22470.90216,982.853596,42840.68898,-22993.99932,1004.5627,43730.74134,-22469.25484,998.4632
,,,,,,,,,,,,42815.85533,-22952.17852,989.5581815,43708.18432,-22426.64158,979.4003802,42815.49153,-22951.03252,1000.7208,43707.65457,-22425.00169,994.418
,,,,,,,,,,,,42825.96506,-22969.37915,990.9245767,43717.43682,-22444.34587,980.7803717,42825.59047,-22968.21917,1002.2578,43716.84923,-22442.68308,996.0337
,,,,,,,,,,,,42820.91021,-22960.77882,990.2413186,43712.81058,-22435.49374,980.0901639,42820.491,-22959.62583,1001.4888,43712.2519,-22433.89239,995.2257
,,,,,,,,,,,,42836.07461,-22986.57983,992.2914361,43726.6892,-22462.05008,982.162082,42835.68946,-22985.40591,1003.7938,43726.14395,-22460.46431,997.6525
,,,,,,,,,,,,42831.01986,-22977.97949,991.6079505,43722.06303,-22453.19798,981.4710091,42830.58996,-22976.81253,1003.0258,43721.54658,-22451.5737,996.843
,,,,,,,,,,,,42800.69044,-22926.37795,987.5095005,43694.30542,-22400.08497,977.333527,42800.29322,-22925.25269,998.4181,43693.76267,-22398.52926,992.0004
,,,,,,,,,,,,42795.63536,-22917.77787,986.8268542,43689.67908,-22391.23273,976.645393,42795.1938,-22916.65945,997.6502,43689.16538,-22389.63837,991.1947
,,,,,,,,,,,,42810.80041,-22943.57826,988.8751639,43703.55805,-22417.7894,978.7110157,42810.39208,-22942.43922,999.9529,43703.05726,-22416.21091,993.6116
,,,,,,,,,,,,42805.74544,-22934.97808,988.1922694,43698.93175,-22408.9372,978.0220659,42805.29264,-22933.84595,999.185,43698.35996,-22407.32012,992.8054
,,,,,,,,,,,,42871.457,-23046.78188,997.078897,43759.07069,-22524.01464,987.0122686,42871.08638,-23045.56028,1009.1757,43758.52617,-22522.29735,1003.3391
,,,,,,,,,,,,42881.56621,-23063.98244,998.4476964,43768.32194,-22541.71878,988.4022657,42881.18563,-23062.74746,1010.7138,43767.72137,-22539.97796,1004.9702
,,,,,,,,,,,,42876.5116,-23055.38217,997.763245,43763.69635,-22532.86671,987.7070255,42876.086,-23054.15386,1009.9443,43763.12376,-22531.18769,1004.1545
,,,,,,,,,,,,42891.67541,-23081.1829,999.8168908,43777.57296,-22559.42289,989.7942174,42891.28492,-23079.93472,1012.2515,43777.01675,-22557.65854,1006.6039
,,,,,,,,,,,,42886.62082,-23072.5827,999.1322468,43772.94748,-22550.57084,989.0979947,42886.18527,-23071.34108,1011.4822,43772.31904,-22548.86827,1005.787
,,,,,,,,,,,,42856.29321,-23020.98103,995.0264811,43745.19333,-22497.45841,984.9308475,42855.88762,-23019.77968,1006.8684,43744.63362,-22495.82627,1000.8981
,,,,,,,,,,,,42851.2386,-23012.38075,994.3425561,43740.56741,-22488.60632,984.2379729,42850.78805,-23011.1862,1006.1006,43740.03617,-22486.93581,1000.0855
,,,,,,,,,,,,42846.18397,-23003.78046,993.6587401,43735.94141,-22479.75424,983.5455577,42845.78851,-23002.59275,1005.3317,43735.33874,-22478.14537,999.2743
,,,,,,,,,,,,42866.4024,-23038.18158,996.3946525,43754.44497,-22515.16257,986.3179902,42865.98678,-23036.96672,1008.407,43753.82862,-22513.50704,1002.5249
,,,,,,,,,,,,42861.34781,-23029.58131,995.7105138,43749.81918,-22506.31049,985.6241848,42860.88719,-23028.37319,1007.6382,43749.23111,-22504.61664,1001.7108
,,,,,,,,,,,,42734.96903,-22814.57746,978.645383,43634.16103,-22285.00467,968.4178358,42734.60165,-22813.54155,988.4549,43633.69842,-22283.5443,981.5878
,,,,,,,,,,,,42709.69069,-22771.57867,975.2429143,43611.03054,-22240.74071,965.0046441,42709.30537,-22770.57614,984.63475,43610.51244,-22239.28672,977.6108
,,,,,,,,,,,,42719.80199,-22788.77806,976.6033921,43620.28238,-22258.44656,966.3689497,42719.40385,-22787.76229,986.16165,43619.80681,-22256.96986,979.1996
,,,,,,,,,,,,42714.74631,-22780.1783,975.9230632,43615.65639,-22249.59369,965.6866387,42714.3046,-22779.16921,985.39814,43615.20962,-22248.17831,978.4051
,,,,,,,,,,,,42729.91335,-22805.97763,977.964553,43629.53471,-22276.15205,967.7345428,42729.50237,-22804.94846,987.69104,43629.00122,-22274.75286,980.7914
,,,,,,,,,,,,42724.85767,-22797.37783,977.2838885,43624.90849,-22267.29935,967.0515826,42724.5031,-22796.35537,986.92628,43624.40401,-22265.86138,979.9954
,,,,,,,,,,,,42694.52393,-22745.78005,973.2035287,43597.15386,-22214.18117,962.9605345,42694.10773,-22744.79695,982.3464,43596.72095,-22212.81176,975.2317
,,,,,,,,,,,,42689.46834,-22737.18052,972.5240867,43592.52863,-22205.32778,962.2797819,42689.10854,-22736.20389,981.58357,43592.02381,-22203.92004,974.4395
,,,,,,,,,,,,42684.41274,-22728.58097,971.844823,43587.90356,-22196.47428,961.5993348,42684.00935,-22727.61084,980.82188,43587.42668,-22195.1283,973.6476
,,,,,,,,,,,,42704.63507,-22762.97907,974.5629394,43606.40482,-22231.88764,964.3229635,42704.20614,-22761.98307,983.8715,43605.91526,-22230.4951,976.8168
,,,,,,,,,,,,42699.57951,-22754.37957,973.8831467,43601.77926,-22223.03446,963.6415942,42699.20693,-22753.39001,983.10838,43601.3181,-22221.60344,976.0241
,,,,,,,,,,,,42765.30276,-22866.17702,982.7335756,43661.92017,-22338.11916,972.5249006,42764.89753,-22865.1003,993.0492,43661.38181,-22336.5921,986.3801
,,,,,,,,,,,,42775.41388,-22883.37726,984.0974734,43671.17332,-22355.82371,973.8968457,42774.99624,-22882.28663,994.5813,43670.67631,-22354.27436,987.9826
,,,,,,,,,,,,42770.35832,-22874.77709,983.4154522,43666.54676,-22346.97144,973.2106836,42769.99688,-22873.69346,993.8147,43665.97907,-22345.48324,987.1812
,,,,,,,,,,,,42785.52482,-22900.57764,985.4619146,43680.4263,-22373.52821,975.270329,42785.095,-22899.47301,996.1156,43679.87083,-22371.95645,989.5872
,,,,,,,,,,,,42780.46938,-22891.97745,984.7796289,43675.79984,-22364.67596,974.5833922,42780.09562,-22890.87981,995.3489,43675.27358,-22363.16542,988.7843
,,,,,,,,,,,,42750.136,-22840.3771,980.6888095,43648.04041,-22311.56213,970.4697685,42749.69954,-22839.32089,990.7511,43647.4901,-22310.11838,983.9813
,,,,,,,,,,,,42745.08036,-22831.77719,980.0075148,43643.41389,-22302.7097,969.7854429,42744.70023,-22830.72777,989.98595,43642.89286,-22301.22706,983.1822
,,,,,,,,,,,,42740.0247,-22823.1773,979.3263712,43638.78743,-22293.85722,969.1014673,42739.60094,-22822.13466,989.21987,43638.29565,-22292.4357,982.3843
,,,,,,,,,,,,42760.24718,-22857.57697,982.0518399,43657.29356,-22329.26685,971.839492,42759.79819,-22856.50715,992.2827,43656.78457,-22327.80089,985.5792
,,,,,,,,,,,,42755.1916,-22848.97702,981.3702517,43652.66697,-22320.41452,971.1544498,42754.79886,-22847.91401,991.5164,43652.18733,-22318.90966,984.7796
,,,,,,,,,,,,42042.4533,-21636.18316,886.7409799,43000.23643,-21072.05874,877.4243523,42042.33008,-21636.06359,887.279934,43000.12014,-21071.81841,878.118329
,,,,,,,,,,,,42254.74235,-21997.46004,914.6866233,43194.59079,-21443.93222,904.9488267,42254.41249,-21997.1013,917.34539,43194.38451,-21443.21329,908.53192
,,,,,,,,,,,,42148.60266,-21816.82219,900.6948093,43097.41972,-21257.99405,891.164049,42148.35615,-21816.54062,902.15281,43097.25085,-21257.51086,893.09735
,,,,,,,,,,,,42199.14512,-21902.84049,907.352146,43143.68808,-21346.53808,897.7263524,42198.83281,-21902.47602,909.35119,43143.5185,-21345.91573,900.40047
,,,,,,,,,,,,42173.8739,-21859.83129,904.0222849,43120.55302,-21302.26659,894.4446594,42173.64384,-21859.50876,905.74314,43120.4345,-21301.76311,896.738
,,,,,,,,,,,,42183.9824,-21877.035,905.3539377,43129.80679,-21319.97534,895.7572298,42183.73929,-21876.69576,907.18465,43129.62806,-21319.44411,898.20006
,,,,,,,,,,,,42178.92813,-21868.43313,904.6880599,43125.17987,-21311.12099,895.1009249,42178.64148,-21868.1023,906.46359,43125.03131,-21310.55357,897.4686
,,,,,,,,,,,,42194.09088,-21894.23867,906.6859796,43139.0609,-21337.68388,897.0699465,42193.83495,-21893.88262,908.62846,43138.92165,-21337.12519,899.66651
,,,,,,,,,,,,42189.03665,-21885.63686,906.0199122,43134.43381,-21328.82964,896.4135714,42188.73704,-21885.28923,907.90626,43134.22488,-21328.23462,898.93336
,,,,,,,,,,,,42158.71123,-21834.02589,902.0255302,43106.67291,-21275.70315,892.4761345,42158.45101,-21833.728,903.5873,43106.5443,-21275.19169,894.55049
,,,,,,,,,,,,42153.65698,-21825.42409,901.3601269,43102.0463,-21266.84861,891.8200627,42153.45362,-21825.13431,902.86926,43101.84752,-21266.30131,893.82347
,,,,,,,,,,,,42168.81967,-21851.22945,903.3566059,43115.92626,-21293.41215,893.7884368,42168.54613,-21850.91522,905.02425,43115.73778,-21292.8726,896.00728
,,,,,,,,,,,,42163.76547,-21842.62769,902.6910242,43111.29955,-21284.55767,893.1322605,42163.54861,-21842.32161,904.30499,43111.14099,-21284.08217,895.27844
,,,,,,,,,,,,42229.47077,-21954.45139,911.3512595,43171.45259,-21399.66241,901.6653529,42229.22117,-21954.13566,913.70204,43171.2997,-21399.05954,904.82388
,,,,,,,,,,,,42239.57938,-21971.65491,912.685104,43180.70779,-21417.37036,902.978609,42239.31759,-21971.32199,915.15749,43180.49357,-21416.74096,906.30537
,,,,,,,,,,,,42234.52507,-21963.05316,912.0181314,43176.08017,-21408.51638,902.3219605,42234.2194,-21962.72882,914.42952,43175.89661,-21407.85026,905.56427
,,,,,,,,,,,,42249.68802,-21988.85836,914.0193512,43189.96309,-21435.07829,904.2920404,42249.41414,-21988.50823,916.61493,43189.78752,-21434.42248,907.78871
,,,,,,,,,,,,42244.6337,-21980.25664,913.3521776,43185.33542,-21426.22433,903.6353011,42244.31588,-21979.9151,915.88597,43185.09052,-21425.53173,907.0462
,,,,,,,,,,,,42214.30791,-21928.64598,909.3512492,43157.57007,-21373.10038,899.6957328,42214.02685,-21928.25595,911.52374,43157.40901,-21372.48757,902.60919
,,,,,,,,,,,,42209.25363,-21920.04415,908.6847806,43152.94267,-21364.24632,899.0392476,42209.02876,-21919.66268,910.79934,43152.71217,-21363.59692,901.87183
,,,,,,,,,,,,42204.19937,-21911.44232,908.0184122,43148.31534,-21355.39222,898.382787,42203.93081,-21911.06935,910.07451,43148.1153,-21354.80634,901.13625
,,,,,,,,,,,,42224.41648,-21945.8496,910.6844886,43166.82504,-21390.80842,901.0087815,42224.12305,-21945.44244,912.9761,43166.60278,-21390.16887,904.08523
,,,,,,,,,,,,42219.36219,-21937.24779,910.0178183,43162.19753,-21381.95441,900.3522428,42219.12488,-21936.84923,912.24964,43162.0059,-21381.37819,903.34633
,,,,,,,,,,,,42093.00308,-21722.20117,893.3817453,43046.52324,-21160.59547,883.9554184,42092.78973,-21722.00715,894.317808,43046.38723,-21160.21782,885.18129
,,,,,,,,,,,,42067.72892,-21679.19208,890.0605806,43023.38191,-21116.32628,880.6865652,42067.50827,-21679.03583,890.788339,43023.30393,-21115.96741,881.633362
,,,,,,,,,,,,42077.83874,-21696.39568,891.3888479,43032.63905,-21134.03369,881.9933517,42077.60049,-21696.22447,892.197391,43032.4973,-21133.64743,883.04806
,,,,,,,,,,,,42072.78386,-21687.79388,890.7246828,43028.01057,-21125.17995,881.3398286,42072.60454,-21687.63017,891.492529,43027.90051,-21124.85752,882.34017
,,,,,,,,,,,,42087.94835,-21713.59933,892.7173782,43041.89539,-21151.74144,883.3011542,42087.69312,-21713.41296,893.609549,43041.79065,-21151.3276,884.46913
,,,,,,,,,,,,42082.89357,-21704.9975,892.0530794,43037.26733,-21142.88752,882.6471291,42082.69694,-21704.81873,892.903136,43037.19388,-21142.5376,883.75807
,,,,,,,,,,,,42052.56374,-21653.38673,888.0686448,43009.49494,-21089.76565,878.7283955,42052.42107,-21653.2526,888.680851,43009.41366,-21089.49789,879.519716
,,,,,,,,,,,,42047.50857,-21644.78498,887.404786,43004.86572,-21080.91219,878.0762303,42047.32518,-21644.65808,887.979888,43004.81707,-21080.60792,878.818422
,,,,,,,,,,,,42062.67392,-21670.59029,889.3965417,43018.75307,-21107.47269,880.0335684,42062.51257,-21670.44146,890.085073,43018.70711,-21107.17761,880.927693
,,,,,,,,,,,,42057.61886,-21661.9885,888.7325633,43014.12407,-21098.61915,879.3808432,42057.41649,-21661.84703,889.382479,43014.01053,-21098.28756,880.223119
,,,,,,,,,,,,42123.3306,-21773.81249,897.3694917,43074.2865,-21213.72131,887.8852456,42123.07028,-21773.57145,898.58031,43074.16729,-21213.25917,889.48203
,,,,,,,,,,,,42133.43951,-21791.01637,898.6993679,43083.53993,-21231.43036,889.1964553,42133.16444,-21790.75923,900.00635,43083.36068,-21230.9398,890.92467
,,,,,,,,,,,,42128.38507,-21782.41443,898.0343887,43078.91326,-21222.57582,888.5407886,42128.16722,-21782.16537,899.29247,43078.76404,-21222.14942,890.20335
,,,,,,,,,,,,42143.54832,-21808.22028,900.0295792,43092.79314,-21249.13949,890.5081005,42143.25889,-21807.94685,901.43703,43092.65409,-21248.62052,892.37218
,,,,,,,,,,,,42138.49393,-21799.61832,899.364431,43088.16655,-21240.28492,889.852231,42138.26154,-21799.35308,900.72084,43088.05743,-21239.8301,891.64794
,,,,,,,,,,,,42108.16701,-21748.00677,895.3752778,43060.40557,-21187.15807,885.919509,42107.9795,-21747.78949,896.44483,43060.27732,-21186.78831,887.32604
,,,,,,,,,,,,42103.11241,-21739.40489,894.7106935,43055.7783,-21178.30379,885.2646102,42102.8829,-21739.1954,895.73545,43055.68058,-21177.89817,886.61075
,,,,,,,,,,,,42098.05777,-21730.80303,894.0461834,43051.15087,-21169.44959,884.609909,42097.88613,-21730.6013,895.025725,43051.08398,-21169.0079,885.89549
,,,,,,,,,,,,42118.2761,-21765.21057,896.7046753,43069.65965,-21204.86684,887.2298414,42118.0732,-21764.97751,897.86777,43069.57067,-21204.46882,888.76269
,,,,,,,,,,,,42113.22157,-21756.60866,896.0399379,43065.03268,-21196.01242,886.5745908,42112.97643,-21756.38351,897.15598,43064.87393,-21195.57862,888.04436
,,,,,,,,,,,,42360.88602,-22178.0941,928.7224226,43291.80077,-21629.84806,918.7597099,42360.58131,-22177.55443,932.78964,43291.52822,-21628.92717,924.28613
,,,,,,,,,,,,42411.432,-22264.11333,935.421963,43338.10701,-21718.36947,925.3609104,42411.06898,-22263.48573,940.20273,43337.79966,-21717.45216,931.84343
,,,,,,,,,,,,42386.15901,-22221.10349,932.0708541,43314.95388,-21674.10893,922.0573444,42385.87505,-22220.52003,936.49363,43314.71566,-21673.18868,928.06483
,,,,,,,,,,,,42396.26821,-22238.30738,933.4109682,43324.21526,-21691.81315,923.3779921,42395.97262,-22237.70634,937.97645,43323.90958,-21690.87417,929.57541
,,,,,,,,,,,,42391.21361,-22229.70542,932.7408566,43319.58459,-21682.96103,922.7175434,42390.87382,-22229.11319,937.23498,43319.31274,-21682.08138,928.82064
,,,,,,,,,,,,42406.37739,-22255.51131,934.7515177,43333.47647,-21709.51737,924.6996681,42406.0702,-22254.89261,939.46081,43333.20304,-21708.55955,931.08725
,,,,,,,,,,,,42401.3228,-22246.90934,934.0811878,43328.84589,-21700.66526,924.0386979,42400.9714,-22246.29948,938.71805,43328.50632,-21699.76683,930.33125
,,,,,,,,,,,,42370.99521,-22195.29778,930.0614818,43301.06184,-21647.55254,920.0781341,42370.67875,-22194.74062,934.27023,43300.82358,-21646.71116,925.79826
,,,,,,,,,,,,42365.9406,-22186.69589,929.3918987,43296.43127,-21638.70033,919.4188234,42365.58003,-22186.1475,933.53036,43296.12589,-21637.81901,925.04226
,,,,,,,,,,,,42381.10441,-22212.50157,931.4009574,43310.32316,-21665.25682,921.3973841,42380.77626,-22211.92689,935.75239,43310.01858,-21664.39603,927.30984
,,,,,,,,,,,,42376.04981,-22203.89968,930.7311674,43305.69248,-21656.4047,920.7376513,42375.77751,-22203.33374,935.01126,43305.42096,-21655.5033,926.55495
,,,,,,,,,,,,42441.75976,-22315.72578,939.4470889,43365.88874,-21771.48232,929.3345462,42441.46167,-22315.04428,944.66366,43365.57929,-21770.5075,936.3937
,,,,,,,,,,,,42451.86908,-22332.92998,940.7897773,43375.14832,-21789.18691,930.6616585,42451.5592,-22332.23043,946.15381,43374.77252,-21788.19242,937.91504
,,,,,,,,,,,,42446.81441,-22324.32787,940.118369,43370.51862,-21780.33459,929.9979313,42446.46045,-22323.63735,945.40812,43370.17593,-21779.29999,937.15372
,,,,,,,,,,,,42461.97844,-22350.13415,942.1329812,43384.4071,-21806.89181,931.9901782,42461.65672,-22349.41658,947.64491,43384.06577,-21805.87725,939.43859
,,,,,,,,,,,,42456.92375,-22341.53207,941.4613138,43379.77782,-21798.03932,931.3257377,42456.55797,-22340.8235,946.89874,43379.46916,-21796.98486,938.67667
,,,,,,,,,,,,42426.59586,-22289.91953,937.4339906,43351.99828,-21744.92579,927.3463519,42426.26535,-22289.26503,942.43171,43351.68952,-21743.92997,934.11536
,,,,,,,,,,,,42421.54123,-22281.31744,936.7631979,43347.36792,-21736.07367,926.684244,42421.16656,-22280.67194,941.68817,43347.09289,-21735.13737,933.35747
,,,,,,,,,,,,42416.4866,-22272.71536,936.0925215,43342.7375,-21727.22157,926.0224333,42416.16778,-22272.07884,940.94585,43342.39631,-21726.24481,932.59983
,,,,,,,,,,,,42436.70512,-22307.12369,938.7759332,43361.25871,-21762.63011,928.6714942,42436.36291,-22306.4512,943.91945,43360.98272,-21761.61503,935.63397
,,,,,,,,,,,,42431.65049,-22298.52161,938.1049013,43356.62855,-21753.77793,928.0087656,42431.36412,-22297.85812,943.17546,43356.28609,-21752.82249,934.87452
,,,,,,,,,,,,42305.28622,-22083.47588,921.3648458,43240.87316,-21532.46821,911.5198815,42304.99683,-22083.03143,924.67303,43240.65598,-21531.72262,915.99983
,,,,,,,,,,,,42280.01412,-22040.46809,918.0244877,43217.73041,-21488.2011,908.2335342,42279.7044,-22040.06651,921.00166,43217.4699,-21487.46759,912.25779
,,,,,,,,,,,,42290.12291,-22057.67122,919.3603315,43226.98705,-21505.9082,909.5478381,42289.80132,-22057.25251,922.46853,43226.76423,-21505.1495,913.75248
,,,,,,,,,,,,42285.0685,-22049.06967,918.6923559,43222.35865,-21497.05469,908.8906517,42284.80288,-22048.6595,921.73489,43222.16706,-21496.35856,913.00484
,,,,,,,,,,,,42300.23177,-22074.87429,920.6965779,43236.2443,-21523.61496,910.8624459,42299.89829,-22074.43847,923.93811,43235.95869,-21522.83152,915.24949
,,,,,,,,,,,,42295.17734,-22066.27276,920.028406,43231.6156,-21514.76163,910.2051006,42294.89982,-22065.84548,923.20262,43231.36145,-21514.04053,914.50071
,,,,,,,,,,,,42264.85101,-22014.66332,916.0214653,43203.84635,-21461.63994,906.2625482,42264.6092,-22014.28743,918.80571,43203.57859,-21460.89495,910.02034
,,,,,,,,,,,,42259.79667,-22006.0617,915.3539925,43199.21853,-21452.78612,905.6056627,42259.5108,-22005.69439,918.0753,43198.98155,-21452.10409,909.2758
,,,,,,,,,,,,42274.95973,-22031.86651,917.3567133,43213.10228,-21479.34744,907.5764814,42274.706,-22031.47349,920.2699,43212.87277,-21478.5767,911.51035
,,,,,,,,,,,,42269.90536,-22023.26492,916.6890395,43208.47426,-21470.49372,906.919487,42269.60756,-22022.88048,919.53757,43208.27567,-21469.78579,910.76453
,,,,,,,,,,,,42335.61329,-22135.08558,925.3765764,43268.64975,-21585.58575,915.4667749,42335.28813,-22134.58928,929.09454,43268.34036,-21584.76971,920.51142
,,,,,,,,,,,,42345.72237,-22152.28892,926.7146132,43277.90981,-21603.29089,916.7834597,42345.38535,-22151.77529,930.57177,43277.63542,-21602.45245,922.01913
,,,,,,,,,,,,42340.66782,-22143.68723,926.0455443,43273.27971,-21594.43836,916.1250419,42340.38672,-22143.18229,929.833,43273.03784,-21593.561,921.26508
,,,,,,,,,,,,42355.83145,-22169.49232,928.0530482,43287.17035,-21620.99574,918.1007844,42355.48265,-22168.96136,932.05012,43286.9306,-21620.13548,923.53021
,,,,,,,,,,,,42350.77691,-22160.89062,927.3837807,43282.54002,-21612.14335,917.4420375,42350.48397,-22160.36832,931.31081,43282.23297,-21611.24388,922.77451
,,,,,,,,,,,,42320.44972,-22109.2807,923.3702666,43254.76074,-21559.0274,913.4927946,42320.0924,-22108.81035,926.88113,43254.54799,-21558.19594,918.25297
,,,,,,,,,,,,42315.39521,-22100.67908,922.7016935,43250.13138,-21550.17443,912.8350485,42315.09388,-22100.21737,926.14505,43249.85063,-21549.40483,917.50109
,,,,,,,,,,,,42310.3407,-22092.07746,922.0332181,43245.50219,-21541.32137,912.1774133,42309.99532,-22091.62441,925.40834,43245.25327,-21540.51367,916.7497
,,,,,,,,,,,,42330.55876,-22126.48393,924.7077068,43264.01993,-21576.73305,914.80865,42330.28953,-22125.99631,928.35639,43263.74285,-21575.87838,919.75815
,,,,,,,,,,,,42325.50424,-22117.88231,924.0389373,43259.39026,-21567.88027,914.1506592,42325.19098,-22117.40332,927.61858,43259.14543,-21567.08718,919.00534
,,,,,,,,,,,,41825.02977,-21266.32752,858.2384399,42801.33251,-20691.26229,849.6287059,41825.01802,-21266.24693,858.1689823,42801.28722,-20691.27816,849.6056459
,,,,,,,,,,,,41718.83436,-21085.7141,844.3451157,42704.11014,-20505.32888,836.1433934,41718.86572,-21085.62383,844.145955,42704.09082,-20505.27783,836.0771867
,,,,,,,,,,,,41769.40413,-21171.72142,850.9581945,42750.40483,-20593.86952,842.5640513,41769.44196,-21171.63379,850.824187,42750.38801,-20593.87775,842.5139662
,,,,,,,,,,,,41744.11934,-21128.71771,847.6509338,42727.25594,-20549.60007,839.3535678,41744.15368,-21128.62862,847.485126,42727.28916,-20549.57798,839.2943631
,,,,,,,,,,,,41754.23324,-21145.91916,848.9736677,42736.51518,-20567.30802,840.6377406,41754.24895,-21145.83062,848.821111,42736.48862,-20567.27789,840.5818562
,,,,,,,,,,,,41749.17629,-21137.31842,848.3122705,42731.8855,-20558.45408,839.9956499,41749.25128,-21137.22967,848.15263,42731.88887,-20558.47795,839.9380447
,,,,,,,,,,,,41764.34717,-21163.12068,850.2966323,42745.77486,-20585.01572,841.9219423,41764.34429,-21163.03266,850.156895,42745.78819,-20584.97779,841.8698288
,,,,,,,,,,,,41759.29021,-21154.51991,849.635122,42741.14497,-20576.1619,841.2798388,41759.34658,-21154.4317,849.488516,42741.08839,-20576.17785,841.2257898
,,,,,,,,,,,,41728.94846,-21102.91562,845.6672719,42713.36806,-20523.03757,837.4274029,41728.96085,-21102.82574,845.481324,42713.39013,-20522.978,837.3632072
,,,,,,,,,,,,41723.89144,-21094.3149,845.0061658,42708.73904,-20514.18326,836.7853853,41723.9633,-21094.22475,844.813663,42708.6905,-20514.17794,836.7201288
,,,,,,,,,,,,41739.0624,-21120.117,846.9896561,42722.62651,-20540.74598,838.7114976,41739.15604,-21120.02769,846.817557,42722.58945,-20540.67801,838.6498257
,,,,,,,,,,,,41734.00546,-21111.51633,846.3284378,42717.99722,-20531.89181,838.0694414,41734.05846,-21111.42667,846.148969,42717.9898,-20531.87801,838.0064385
,,,,,,,,,,,,41799.74589,-21223.32576,854.9286285,42778.18491,-20646.99224,846.4169376,41799.72857,-21223.24064,854.8316272,42778.18738,-20646.9777,846.3811548
,,,,,,,,,,,,41809.85955,-21240.52664,856.2524428,42787.44438,-20664.70007,847.7014788,41809.92428,-21240.44318,856.1661772,42787.38732,-20664.67783,847.6701549
,,,,,,,,,,,,41804.80278,-21231.92634,855.5905209,42782.81471,-20655.84613,847.059185,41804.82647,-21231.84167,855.4994749,42782.78728,-20655.77772,847.0256465
,,,,,,,,,,,,41819.97295,-21257.72708,857.5763926,42796.70328,-20682.40815,848.9862339,41820.02005,-21257.64589,857.5014185,42796.68732,-20682.37807,848.9601634
,,,,,,,,,,,,41814.91629,-21249.12692,856.9144046,42792.0739,-20673.55407,848.3438266,41814.92221,-21249.04422,856.8338778,42792.08722,-20673.57789,848.3156588
,,,,,,,,,,,,41784.57501,-21197.52364,852.9431948,42764.295,-20620.43081,844.490407,41784.63521,-21197.43697,852.827748,42764.28759,-20620.37764,844.44683
,,,,,,,,,,,,41779.51805,-21188.92289,852.2814769,42759.66495,-20611.57704,843.8482778,41779.53741,-21188.83597,852.159613,42759.68773,-20611.57768,843.8024783
,,,,,,,,,,,,41774.46109,-21180.32217,851.6198103,42755.03489,-20602.72327,843.2061601,41774.53971,-21180.23477,851.49245,42754.98785,-20602.67769,843.1581843
,,,,,,,,,,,,41794.68899,-21214.72515,854.2667783,42773.55501,-20638.1384,845.7747302,41794.7308,-21214.63926,854.163763,42773.5874,-20638.07764,845.7366781
,,,,,,,,,,,,41789.63199,-21206.12439,853.6049623,42768.92503,-20629.28459,845.1325554,41789.63295,-21206.03825,853.495768,42768.88752,-20629.27765,845.0922362
,,,,,,,,,,,,41663.20174,-20991.10349,837.077231,42653.19707,-20407.92787,829.0855295,41663.29346,-20991.01322,836.802974,42653.18508,-20407.87891,828.974152
,,,,,,,,,,,,41637.91382,-20948.09653,833.7769747,42630.05463,-20363.65442,825.8832433,41638.00663,-20948.00821,833.468841,42630.08103,-20363.68394,825.739322
,,,,,,,,,,,,41648.02889,-20965.29896,835.0968211,42639.31177,-20381.36375,827.1634669,41648.10131,-20965.21024,834.802432,42639.28256,-20381.38198,827.031554
,,,,,,,,,,,,41642.97129,-20956.69757,834.4368524,42634.68323,-20372.50907,826.5232249,41643.10397,-20956.6092,834.135627,42634.68182,-20372.48298,826.385354
,,,,,,,,,,,,41658.14411,-20982.50198,836.4170048,42648.56868,-20399.07315,828.444638,41658.19605,-20982.41225,836.136112,42648.58419,-20399.07993,828.326451
,,,,,,,,,,,,41653.08646,-20973.9004,835.7568668,42643.94026,-20390.21845,827.8039445,41653.19868,-20973.81122,835.469269,42643.88339,-20390.18096,827.678915
,,,,,,,,,,,,41622.74144,-20922.29394,831.7978417,42616.16844,-20337.09055,823.9651185,41622.81482,-20922.20504,831.469801,42616.1789,-20337.08666,823.804006
,,,,,,,,,,,,41617.68393,-20913.69317,831.1382929,42611.53956,-20328.23584,823.3264281,41617.81775,-20913.60386,830.803237,42611.47805,-20328.18758,823.159487
,,,,,,,,,,,,41632.85633,-20939.49554,833.1171766,42625.42595,-20354.79978,825.2435482,41633.00933,-20939.40715,832.802108,42625.38034,-20354.78488,825.094425
,,,,,,,,,,,,41627.79891,-20930.89473,832.4574703,42620.79722,-20345.94517,824.6041654,41627.91203,-20930.80615,832.135408,42620.77958,-20345.88579,824.448676
,,,,,,,,,,,,41693.54785,-21042.71023,841.0405986,42680.96714,-20461.05613,832.9339898,41693.57814,-21042.61904,840.808089,42680.99061,-20461.07581,832.8611566
,,,,,,,,,,,,41703.66257,-21059.91187,842.362213,42690.22406,-20478.76538,834.2176064,41703.77315,-21059.82094,842.142701,42690.19135,-20478.77687,834.1495856
,,,,,,,,,,,,41698.60525,-21051.31111,841.7013731,42685.59557,-20469.91077,833.575765,41698.67562,-21051.22002,841.474897,42685.59116,-20469.87629,833.5060045
,,,,,,,,,,,,41713.77719,-21077.11333,843.6841053,42699.48132,-20496.47446,835.5014325,41713.8682,-21077.02284,843.478234,42699.49113,-20496.47763,835.4343524
,,,,,,,,,,,,41708.71993,-21068.51258,843.0231399,42694.85264,-20487.61995,834.8595001,41708.77065,-21068.42192,842.810472,42694.89134,-20487.57734,834.7915387
,,,,,,,,,,,,41678.37516,-21016.90721,839.0586288,42667.08208,-20434.49204,831.0092005,41678.48572,-21016.81618,838.805556,42667.08784,-20434.47624,830.9180191
,,,,,,,,,,,,41673.31742,-21008.30609,838.3980905,42662.45376,-20425.63731,830.3678297,41673.38829,-21008.21519,838.137702,42662.48689,-20425.57701,830.2699919
,,,,,,,,,,,,41668.25959,-20999.70483,837.7376188,42657.82542,-20416.78259,829.7265996,41668.39086,-20999.61423,837.470833,42657.78594,-20416.77792,829.62201
,,,,,,,,,,,,41688.4904,-21034.10933,840.3798879,42676.33876,-20452.20145,832.2922948,41688.58064,-21034.01811,840.140252,42676.28981,-20452.17557,832.2141898
,,,,,,,,,,,,41683.43285,-21025.50832,839.7192333,42671.71041,-20443.34675,831.6506937,41683.48319,-21025.41713,839.472415,42671.68884,-20443.27575,831.5669003
,,,,,,,,,,,,41936.2787,-21455.54737,872.8123662,42903.0868,-20886.09755,863.7985375,41936.28551,-21455.48326,872.8133858,42903.08893,-20886.07668,863.8073648
,,,,,,,,,,,,41986.84102,-21541.56337,879.4425358,42949.32454,-20974.66403,870.2728881,41986.69162,-21541.51985,879.64028,42949.25322,-20974.53694,870.518033
,,,,,,,,,,,,41961.5603,-21498.55507,876.1268892,42926.20038,-20930.38374,867.0327303,41961.5338,-21498.54447,876.2036238,42926.1658,-20930.30014,867.1280298
,,,,,,,,,,,,41971.67283,-21515.75823,877.4530533,42935.44847,-20948.09672,868.3280679,41971.61609,-21515.73443,877.574917,42935.36045,-20947.9742,868.478149
,,,,,,,,,,,,41966.61651,-21507.15666,876.7899263,42930.82419,-20939.24036,867.6802783,41966.52264,-21507.1386,876.8881103,42930.76364,-20939.08469,867.801399
,,,,,,,,,,,,41981.78503,-21532.96164,878.7793364,42944.69863,-20965.80857,869.624371,41981.70018,-21532.92494,878.950486,42944.65536,-20965.64981,869.836019
,,,,,,,,,,,,41976.72898,-21524.35992,878.1161811,42940.07327,-20956.9528,868.9760984,41976.60636,-21524.32919,878.261832,42940.05844,-20956.8603,869.15616
,,,,,,,,,,,,41946.39146,-21472.75032,874.1380593,42912.33136,-20903.81251,865.0915179,41946.3602,-21472.76236,874.1587512,42912.27751,-20903.73953,865.1214891
,,,,,,,,,,,,41941.33509,-21464.1488,873.4751926,42907.70898,-20894.95508,864.444913,41941.27584,-21464.07419,873.4844182,42907.683,-20894.96195,864.4626215
,,,,,,,,,,,,41956.50406,-21489.95345,875.4639062,42921.57702,-20921.52686,866.3854216,41956.44055,-21489.94898,875.5193986,42921.5695,-20921.41067,866.4552756
,,,,,,,,,,,,41951.44779,-21481.35187,874.8009633,42916.95403,-20912.66978,865.7383525,41951.35349,-21481.35655,874.8386554,42916.97253,-20912.62864,865.7870648
,,,,,,,,,,,,42017.17586,-21593.17401,883.4227399,42977.0905,-21027.79091,874.1694054,42017.05471,-21593.09015,883.79418,42977.03604,-21027.57062,874.640518
,,,,,,,,,,,,42027.28702,-21610.37765,884.7498773,42986.34854,-21045.49828,875.4704857,42027.14422,-21610.27967,885.18572,42986.22986,-21045.24941,876.027028
,,,,,,,,,,,,42022.23148,-21601.77583,884.086283,42981.71943,-21036.64465,874.8197958,42022.04992,-21601.68503,884.489176,42981.63274,-21036.36034,875.333701
,,,,,,,,,,,,42037.39796,-21627.58135,886.0772284,42995.6071,-21063.20529,876.7727668,42037.2344,-21627.46897,886.580623,42995.52352,-21062.92852,877.420361
,,,,,,,,,,,,42032.34252,-21618.97949,885.4135258,42990.97779,-21054.35181,876.1214769,42032.13967,-21618.8744,885.883368,42990.92651,-21054.13921,876.722627
,,,,,,,,,,,,42002.00867,-21567.36861,881.4324161,42963.20552,-21001.22861,872.2199474,42001.87284,-21567.30556,881.712811,42963.14459,-21001.00387,872.572588
,,,,,,,,,,,,41996.95284,-21558.76685,880.7690745,42958.57802,-20992.37403,871.5706709,41996.87824,-21558.71027,881.021017,42958.54776,-20992.2143,871.886385
,,,,,,,,,,,,41991.89696,-21550.16511,880.1057819,42953.95101,-20983.51918,870.9216532,41991.78585,-21550.11539,880.330527,42953.85011,-20983.32646,871.20164
,,,,,,,,,,,,42012.12019,-21584.5722,882.7592488,42972.46183,-21018.93701,873.5193064,42011.96093,-21584.49543,883.09934,42972.43879,-21018.68187,873.949652
,,,,,,,,,,,,42007.06446,-21575.9704,882.0958074,42967.83348,-21010.08292,872.8694899,42006.966,-21575.90036,882.405967,42967.74203,-21009.89223,873.260932
,,,,,,,,,,,,41880.6564,-21360.93637,865.5235609,42852.23322,-20788.66848,856.7029679,41880.69544,-21360.86924,865.5125643,42852.19097,-20788.68285,856.704465
,,,,,,,,,,,,41855.37174,-21317.93214,862.2116412,42829.10207,-20744.39014,853.4854516,41855.40552,-21317.85645,862.1749854,42829.08781,-20744.37973,853.4759548
,,,,,,,,,,,,41865.48571,-21335.13386,863.5363216,42838.35587,-20762.10082,854.771985,41865.50134,-21335.06034,863.509442,42838.38836,-20762.08054,854.7673986
,,,,,,,,,,,,41860.42873,-21326.53299,862.8739662,42833.72917,-20753.24538,854.1286467,41860.40334,-21326.45934,862.8421023,42833.68856,-20753.18034,854.1222117
,,,,,,,,,,,,41875.59957,-21352.33559,864.8611226,42847.60794,-20779.81235,856.0591342,41875.59733,-21352.26483,864.8447684,42847.58924,-20779.78163,856.0585647
,,,,,,,,,,,,41870.54265,-21343.73472,864.1987064,42842.98214,-20770.95647,855.4154769,41870.4992,-21343.66384,864.1774815,42842.9895,-20770.98137,855.4125419
,,,,,,,,,,,,41840.20068,-21292.12957,860.2248745,42815.2187,-20717.82552,851.5566176,41840.21171,-21292.05196,860.172091,42815.18761,-20717.77892,851.5409627
,,,,,,,,,,,,41835.14359,-21283.52878,859.5626677,42810.59026,-20708.97097,850.91389,41835.11387,-21283.44984,859.5048242,42810.5873,-20708.97856,850.8955503
,,,,,,,,,,,,41830.0866,-21274.92801,858.9005241,42805.96152,-20700.11656,850.2712556,41830.11587,-21274.8488,858.8373735,42805.98741,-20700.07843,850.250116
,,,,,,,,,,,,41850.31471,-21309.33128,861.5493472,42824.47462,-20735.53509,852.8423883,41850.30754,-21309.25544,861.5066423,42824.48797,-20735.47955,852.830669
,,,,,,,,,,,,41845.25767,-21300.7304,860.8870887,42819.84682,-20726.68022,852.1994472,41845.30971,-21300.65299,860.8394656,42819.78748,-20726.67908,852.1853292
,,,,,,,,,,,,41910.99619,-21412.54115,869.4987646,42879.97505,-20841.81007,860.5701065,41911,-21412.5,869.499,42880,-20841.8,860.57
,,,,,,,,,,,,41921.1093,-21429.74345,870.8241012,42889.22012,-20859.52495,861.8608087,41921.1,-21429.7,870.824,42889.2,-20859.5,861.861
,,,,,,,,,,,,41916.05274,-21421.14223,870.1614121,42884.59766,-20850.66749,861.2153506,41916.1,-21421.1,870.161,42884.6,-20850.7,861.215
,,,,,,,,,,,,41931.22226,-21446.94599,872.149575,42898.46466,-20877.23998,863.1523951,41931.2,-21446.9,872.15,42898.5,-20877.2,863.152
,,,,,,,,,,,,41926.16581,-21438.3447,871.4868218,42893.84245,-20868.38245,862.5064883,41926.2,-21438.3,871.487,42893.8,-20868.4,862.506
,,,,,,,,,,,,41895.82644,-21386.73848,867.511023,42866.10589,-20815.2384,858.6356236,41895.79249,-21386.6776,867.5124029,42866.09267,-20815.18638,858.6410123
,,,,,,,,,,,,41890.76985,-21378.13784,866.8485115,42861.48216,-20806.38151,857.9912056,41890.79287,-21378.07623,866.846552,42861.49322,-20806.3854,857.9953317
,,,,,,,,,,,,41885.71317,-21369.53714,866.1860253,42856.85796,-20797.52487,857.3469893,41885.69401,-21369.47029,866.1795306,42856.89059,-20797.48331,857.3501052
,,,,,,,,,,,,41905.93961,-21403.94012,868.8361486,42875.35226,-20832.95273,859.9250727,41905.89434,-21403.89077,868.8395599,42875.39758,-20832.99263,859.9284868
,,,,,,,,,,,,41900.88302,-21395.33923,868.1735683,42870.72923,-20824.09549,859.2802452,41900.89323,-21395.28662,868.177381,42870.69686,-20824.09053,859.284617
,,,,,,,,,,,,43311.23161,-23794.89514,1056.805069,,,,43310.74919,-23793.12363,1076.0422,,,
,,,,,,,,,,,,,,,44161.40381,-23294.05471,1049.195888,,,,44160.80353,-23291.48186,1076.4141
